Datetime,Open,High,Low,Close,Volume,bb_upper,bb_middle,bb_lower,rsi
2025-01-01 16:00:00,157.151,157.776,157.151,157.427,0,,,,
2025-01-01 20:00:00,157.427,157.659,156.993,157.02,0,,,,
2025-01-02 00:00:00,157.02,157.21,156.435,156.777,0,,,,
2025-01-02 04:00:00,156.777,157.285,156.746,157.077,0,,,,
2025-01-02 08:00:00,157.078,157.75,156.633,157.659,0,,,,
2025-01-02 12:00:00,157.659,157.849,157.465,157.626,0,,,,
2025-01-02 16:00:00,157.627,157.629,157.171,157.21,0,,,,
2025-01-02 20:00:00,157.21,157.457,157.183,157.281,0,,,,
2025-01-03 00:00:00,157.281,157.423,157.039,157.329,0,,,,
2025-01-03 04:00:00,157.327,157.388,157.059,157.163,0,,,,
2025-01-03 08:00:00,157.163,157.49,157.022,157.204,0,,,,
2025-01-03 12:00:00,157.203,157.349,156.87,157.337,0,,,,
2025-01-03 16:00:00,157.336,157.376,157.236,157.242,0,,,,
2025-01-05 16:00:00,157.18,157.826,157.139,157.584,0,,,,57.30812844457515
2025-01-05 20:00:00,157.586,157.78,157.484,157.716,0,,,,60.49502346780196
2025-01-06 00:00:00,157.719,157.804,157.531,157.664,0,,,,58.6380065621627
2025-01-06 04:00:00,157.663,157.959,156.618,156.783,0,,,,37.58643285717311
2025-01-06 08:00:00,156.783,157.654,156.24,157.542,0,,,,53.18112737780014
2025-01-06 12:00:00,157.545,157.668,157.43,157.623,0,,,,54.488053983667996
2025-01-06 16:00:00,157.622,158.221,157.504,158.101,0,158.01009012806927,157.36825,156.7264098719307,61.34543926391166
2025-01-06 20:00:00,158.1,158.413,158.017,158.08,0,158.11386701185958,157.4009,156.68793298814043,60.91122254334326
2025-01-07 00:00:00,158.081,158.153,157.397,157.425,0,158.11236697751139,157.42114999999998,156.72993302248858,49.21102135140603
2025-01-07 04:00:00,157.427,157.848,157.362,157.74,0,158.10636706083426,157.4693,156.83223293916575,53.80650064716487
2025-01-07 08:00:00,157.739,158.423,157.533,157.832,0,158.1360846492841,157.50705,156.87801535071588,55.084754381886555
2025-01-07 12:00:00,157.83,157.914,157.585,157.869,0,158.16317170812326,157.51755,156.87192829187674,55.616684436880874
2025-01-07 16:00:00,157.868,158.239,157.867,158.167,0,158.24880548137597,157.5446,156.84039451862404,59.75109881455254
2025-01-07 20:00:00,158.167,158.259,157.932,158.226,0,158.3410893186844,157.5954,156.84971068131563,60.53493890193765
2025-01-08 00:00:00,158.224,158.281,157.925,158.246,0,158.4257157964647,157.64365,156.86158420353533,60.81353319590003
2025-01-08 04:00:00,158.246,158.55,158.052,158.503,0,158.55425358022484,157.70235,156.85044641977515,64.30095037997242
2025-01-08 08:00:00,158.505,158.505,158.142,158.32,0,158.61487645340205,157.7602,156.90552354659795,60.19307752003814
2025-01-08 12:00:00,158.32,158.519,158.271,158.356,0,158.67004681870912,157.81779999999998,156.96555318129083,60.72464187378764
2025-01-08 16:00:00,158.36,158.434,158.099,158.263,0,158.70740110873865,157.86409999999998,157.0207988912613,58.54950975724079
2025-01-08 20:00:00,158.262,158.286,157.761,157.926,0,158.69192638565,157.8983,157.10467361435002,51.36902684864035
2025-01-09 00:00:00,157.926,158.284,157.889,158.131,0,158.71173123625985,157.92565,157.13956876374013,54.985547933587796
2025-01-09 04:00:00,158.13,158.174,157.65,157.745,0,158.71173466658047,157.9271,157.14246533341952,47.780356068426855
2025-01-09 08:00:00,157.744,158.03,157.574,158.011,0,158.72034367183903,157.94445000000002,157.168556328161,52.40848586564808
2025-01-09 12:00:00,158.013,158.162,157.984,158.121,0,158.57752074279745,158.01135,157.44517925720254,54.215597199870814
2025-01-09 16:00:00,158.119,158.227,157.947,157.998,0,158.55802757157548,158.03415,157.51027242842454,51.844991601264454
2025-01-09 20:00:00,157.999,158.406,157.931,158.385,0,158.5816138679763,158.07225,157.5628861320237,58.058907058504914
2025-01-10 00:00:00,158.386,158.443,157.748,157.823,0,158.57886754053038,158.05835000000002,157.53783245946966,48.30971947275736
2025-01-10 04:00:00,157.821,158.17,157.622,157.989,0,158.57507136886633,158.0538,157.53252863113366,50.930712001061956
2025-01-10 08:00:00,157.989,158.877,157.222,157.688,0,158.53462102753943,158.06695,157.59927897246055,46.34215423966636
2025-01-10 12:00:00,157.687,157.983,157.576,157.811,0,158.5291813708881,158.07049999999998,157.61181862911187,48.38844207906005
2025-01-10 16:00:00,157.811,157.813,157.619,157.657,0,158.54434957521718,158.06175000000002,157.57915042478285,46.02198241957613
2025-01-12 16:00:00,157.596,157.964,157.596,157.789,0,158.5479401161792,158.05775,157.5675598838208,48.35348746893521
2025-01-12 20:00:00,157.789,157.864,157.266,157.542,0,158.56240353609564,158.0265,157.49059646390435,44.48172458577839
2025-01-13 00:00:00,157.541,157.668,157.245,157.601,0,158.55340441411838,157.99525,157.43709558588162,45.60219923018278
2025-01-13 04:00:00,157.606,157.615,156.922,157.03,0,158.62039182697944,157.93445000000003,157.2485081730206,37.67698533539816
2025-01-13 08:00:00,157.03,157.788,156.91,157.511,0,158.54203164155726,157.88485,157.22766835844274,46.16461934493351
2025-01-13 12:00:00,157.51,157.817,157.291,157.648,0,158.48427476254878,157.85125,157.2182252374512,48.32332260914145
2025-01-13 16:00:00,157.649,157.694,157.118,157.537,0,158.41263615199486,157.8103,157.20796384800516,46.6897668601807
2025-01-13 20:00:00,157.537,158.027,157.032,157.484,0,158.3519077576779,157.77135,157.19079224232212,45.89204380075882
2025-01-14 00:00:00,157.485,157.73,157.295,157.694,0,158.3367442374062,157.75975,157.18275576259379,49.56874490903549
2025-01-14 04:00:00,157.697,158.13,157.679,157.859,0,158.29985326890852,157.74615,157.19244673109148,52.31074262473081
2025-01-14 08:00:00,157.859,158.151,157.384,157.952,0,158.31742191970005,157.75650000000002,157.19557808029998,53.83433943166287
2025-01-14 12:00:00,157.952,158.195,157.868,157.981,0,158.3133461292066,157.755,157.1966538707934,54.32438183449474
2025-01-14 16:00:00,157.981,158.082,157.881,157.973,0,158.29004350857943,157.74759999999998,157.20515649142052,54.15360904035187
2025-01-14 20:00:00,157.975,158.034,157.585,157.603,0,158.26107275832902,157.72785,157.19462724167096,46.82242365385211
2025-01-15 00:00:00,157.601,157.601,156.718,157.11,0,158.1720849997786,157.66410000000002,157.15611500022143,39.20632133147914
2025-01-15 04:00:00,157.11,157.125,156.708,156.977,0,158.20512070081566,157.62179999999998,157.0384792991843,37.4371454436714
2025-01-15 08:00:00,156.977,157.086,155.935,156.599,0,158.26166509640674,157.5523,156.84293490359326,32.89400177831416
2025-01-15 12:00:00,156.599,156.607,156.401,156.441,0,158.3449139700012,157.48995,156.6349860299988,31.190189559260176
2025-01-15 16:00:00,156.441,156.551,156.167,156.185,0,158.42082039573398,157.40865000000002,156.39647960426606,28.604879143605245
2025-01-15 20:00:00,156.184,156.184,155.206,155.951,0,158.50994079298647,157.32334999999998,156.13675920701348,26.446979075386807
2025-01-16 00:00:00,155.951,156.31,155.857,155.895,0,158.54652560490376,157.22865000000002,155.91077439509627,25.942594870260578
2025-01-16 04:00:00,155.896,156.199,155.609,156.106,0,158.55277482247453,157.15685000000002,155.7609251775255,31.261981152660724
2025-01-16 08:00:00,156.107,156.362,155.1,155.438,0,158.61498721504088,157.0487,155.4824127849591,25.112236069055456
2025-01-16 12:00:00,155.437,155.509,155.146,155.202,0,158.71850130592745,156.95729999999998,155.1960986940725,23.3635956140662
2025-01-16 16:00:00,155.202,155.48,154.977,155.183,0,158.74246397736198,156.84089999999998,154.93933602263797,23.22338947715248
2025-01-16 20:00:00,155.185,155.494,155.141,155.386,0,158.69193946551687,156.7278,154.76366053448314,28.182296619031703
2025-01-17 00:00:00,155.387,155.771,155.362,155.702,0,158.61181916414873,156.63605,154.6602808358513,35.19872825245085
2025-01-17 04:00:00,155.703,155.847,155.408,155.718,0,158.5218917249025,156.54775,154.5736082750975,35.54211098058748
2025-01-17 08:00:00,155.719,156.372,155.554,156.303,0,158.3826919112459,156.4782,154.57370808875407,46.669454811708015
2025-01-17 12:00:00,156.304,156.34,156.103,156.146,0,158.19213200424466,156.39255,154.59296799575534,44.4516088309991
2025-01-17 16:00:00,156.145,156.311,156.123,156.241,0,157.9584953224279,156.307,154.65550467757208,46.120137862837204
2025-01-19 16:00:00,156.187,156.58,155.98,155.981,0,157.6726864603323,156.20700000000002,154.74131353966774,42.369143644105655
2025-01-19 20:00:00,155.982,156.106,155.707,155.97,0,157.32979697759203,156.10685,154.883903022408,42.21271972855743
2025-01-20 00:00:00,155.969,156.281,155.892,156.153,0,157.0479116952122,156.03435,155.02078830478777,45.79791292866671
2025-01-20 04:00:00,156.153,156.456,156.13,156.374,0,156.8995246060735,155.99755,155.09557539392648,49.84480911646654
2025-01-20 08:00:00,156.376,156.46,155.415,155.678,0,156.72332255564234,155.9326,155.14187744435768,39.77321155719576
2025-01-20 12:00:00,155.678,156.056,155.491,155.604,0,156.62320107212835,155.88285000000002,155.14249892787169,38.8738321380354
2025-01-20 16:00:00,155.606,156.232,154.9,156.017,0,156.5599442861012,155.86165,155.1633557138988,46.18754796569287
2025-01-20 20:00:00,156.016,156.19,154.772,155.062,0,156.56837652998476,155.8055,155.04262347001523,35.58489392024097
2025-01-21 00:00:00,155.063,155.769,155.0,155.74,0,156.55531793067672,155.79495,155.03458206932328,45.20239544618177
2025-01-21 04:00:00,155.739,156.05,155.701,155.82,0,156.55029593596697,155.79119999999998,155.03210406403298,46.22267390754276
2025-01-21 08:00:00,155.819,155.837,155.248,155.493,0,156.51582067333615,155.76055,155.00527932666384,42.721258552236904
2025-01-21 12:00:00,155.492,155.593,155.415,155.516,0,156.5138005121114,155.76444999999998,155.01509948788856,43.04804345346708
2025-01-21 16:00:00,155.517,155.826,155.35,155.423,0,156.49736245227305,155.77550000000002,155.053637547727,42.00451502242847
2025-01-21 20:00:00,155.425,155.958,155.402,155.79,0,156.4746038485883,155.80585000000002,155.13709615141175,47.42115204429213
2025-01-22 00:00:00,155.79,156.113,155.547,155.721,0,156.46470167419312,155.82260000000002,155.18049832580692,46.541037258237026
2025-01-22 04:00:00,155.719,156.052,155.629,155.81,0,156.4677662072989,155.828,155.1882337927011,47.884602833650604
2025-01-22 08:00:00,155.81,156.643,155.741,156.618,0,156.59660265339588,155.873,155.1493973466041,58.16451085068485
2025-01-22 12:00:00,156.616,156.706,156.445,156.544,0,156.64405473648165,155.88505,155.12604526351836,57.054522817620814
2025-01-22 16:00:00,156.545,156.588,156.31,156.39,0,156.6801093424119,155.89725,155.11439065758813,54.71441606620716
2025-01-22 20:00:00,156.39,156.612,156.282,156.587,0,156.74110295656212,155.91455000000002,155.08799704343792,57.13636392860321
2025-01-23 00:00:00,156.586,156.751,156.449,156.485,0,156.8027964355998,155.93974999999998,155.07670356440016,55.481835376920664
2025-01-23 04:00:00,156.484,156.595,156.203,156.398,0,156.84705795797393,155.96115,155.07524204202608,54.04431036267439
2025-01-23 08:00:00,156.398,156.473,155.859,156.003,0,156.8354645553355,155.95365,155.07183544466452,47.9675184037191
2025-01-23 12:00:00,156.004,156.127,155.742,155.968,0,156.79396077729803,155.93335,155.07273922270195,47.45831379619691
2025-01-23 16:00:00,155.974,156.275,155.949,156.243,0,156.823919291215,155.9616,155.09928070878502,51.78885204951942
2025-01-23 20:00:00,156.242,156.407,155.002,155.226,0,156.85089141154359,155.9427,155.03450858845642,38.99015460570287
2025-01-24 00:00:00,155.226,155.719,154.837,155.38,0,156.85051808501808,155.91085,154.97118191498194,41.35365087324787
2025-01-24 04:00:00,155.377,156.468,155.115,156.456,0,156.86308735898348,155.98055,155.0980126410165,54.59034262286482
2025-01-24 08:00:00,156.456,156.575,155.577,155.583,0,156.8663789356371,155.97269999999997,155.07902106436285,45.59803324080798
2025-01-24 12:00:00,155.585,156.022,155.513,155.902,0,156.8683890533208,155.9768,155.08521094667918,48.909759919158
2025-01-24 16:00:00,155.903,156.006,155.866,155.92,0,156.86240720130152,155.99815,155.1338927986985,49.0980557750895
2025-01-26 16:00:00,155.675,155.842,155.39,155.528,0,156.86168310864835,155.99875,155.13581689135165,45.19179977812956
2025-01-26 20:00:00,155.529,156.055,155.287,156.013,0,156.84978244001772,156.02824999999999,155.20671755998225,50.44500314976535
2025-01-27 00:00:00,156.017,156.244,155.047,155.13,0,156.90110735632135,155.99525,155.08939264367865,42.4648393291652
2025-01-27 04:00:00,155.129,155.186,153.71,154.038,0,157.15342667201566,155.91109999999998,154.6687733279843,35.07495846557143
2025-01-27 08:00:00,154.039,154.68,153.898,154.227,0,157.27538721373725,155.83195,154.38851278626277,37.114726378972065
2025-01-27 12:00:00,154.228,154.718,154.17,154.58,0,157.22399691672814,155.73005,154.23610308327187,40.85241502381125
2025-01-27 16:00:00,154.579,155.156,154.442,155.142,0,157.12585551878405,155.65995,154.19404448121597,46.32248476738308
2025-01-27 20:00:00,155.142,155.945,155.119,155.786,0,157.05867055412523,155.62975,154.20082944587477,51.821027625282156
2025-01-28 00:00:00,155.786,155.976,155.517,155.73,0,156.9482280133757,155.58689999999999,154.22557198662426,51.32864597277632
2025-01-28 04:00:00,155.729,155.818,155.203,155.274,0,156.82896786798798,155.52635,154.22373213201203,47.38080395350049
2025-01-28 08:00:00,155.275,155.757,155.048,155.655,0,156.73123391258113,155.4892,154.2471660874189,50.7866697285296
2025-01-28 12:00:00,155.652,155.723,155.49,155.518,0,156.6846482372708,155.46495,154.24525176272917,49.544840075716586
2025-01-28 16:00:00,155.519,155.647,155.428,155.63,0,156.648615612535,155.44805,154.247484387465,50.60812568551324
2025-01-28 20:00:00,155.628,155.787,155.225,155.294,0,156.54546198294884,155.4006,154.25573801705116,47.38212245385292
2025-01-29 00:00:00,155.295,155.404,154.999,155.149,0,156.54444906770092,155.39675,154.24905093229907,46.01881629508817
2025-01-29 04:00:00,155.149,155.518,155.087,155.36,0,156.5435405514516,155.39575,154.2479594485484,48.34780203369439
2025-01-29 08:00:00,155.36,155.464,154.937,155.221,0,156.37489019593883,155.334,154.29310980406117,46.91190107094711
2025-01-29 12:00:00,155.222,155.608,155.001,155.352,0,156.35713999705303,155.32245,154.28776000294698,48.46531972593409
2025-01-29 16:00:00,155.353,155.375,154.673,154.717,0,156.29406344391563,155.2632,154.2323365560844,42.04325360006608
2025-01-29 20:00:00,154.721,154.721,154.28,154.597,0,156.22060429264968,155.19705,154.1734957073503,40.93923691135939
2025-01-30 00:00:00,154.598,154.73,154.354,154.48,0,156.20181929107954,155.14465,154.08748070892048,39.84074695053346
2025-01-30 04:00:00,154.475,154.6,154.093,154.151,0,156.11437556894424,155.05155000000002,153.9887244310558,36.84675699736412
2025-01-30 08:00:00,154.151,154.475,153.788,154.422,0,156.11279092117778,155.01615,153.91950907882224,40.793597838907594
2025-01-30 12:00:00,154.422,154.492,153.994,154.252,0,156.08873177778963,155.02685000000002,153.96496822221042,39.14106204183439
2025-01-30 16:00:00,154.254,154.499,154.015,154.305,0,156.0813657956178,155.03075,153.9801342043822,39.95769676276574
2025-01-30 20:00:00,154.307,154.441,153.91,154.437,0,156.08824161106054,155.0236,153.95895838893944,42.04356967846838
2025-01-31 00:00:00,154.437,154.933,154.432,154.589,0,156.0754755393003,154.99595,153.9164244606997,44.437262811058694
2025-01-31 04:00:00,154.588,154.89,154.48,154.826,0,155.96633116145264,154.94795,153.92956883854734,48.040720345665385
2025-01-31 08:00:00,154.826,155.018,154.526,154.916,0,155.8603281447508,154.90725,153.9541718552492,49.38320480590823
2025-01-31 12:00:00,154.915,155.217,154.661,155.089,0,155.8401895775276,154.898,153.95581042247238,51.953012279513004
2025-01-31 16:00:00,155.088,155.213,155.017,155.181,0,155.7613639435811,154.8743,153.9872360564189,53.310547580199476
2025-02-02 16:00:00,154.771,155.799,154.755,155.699,0,155.79970741389573,154.88335,153.96699258610428,60.139503189893745
2025-02-02 20:00:00,155.698,155.882,155.467,155.714,0,155.818215885268,154.88755,153.95688411473202,60.3204904424922
2025-02-03 00:00:00,155.714,155.714,155.279,155.453,0,155.84249134103837,154.8955,153.94850865896163,55.590705468562035
2025-02-03 04:00:00,155.454,155.47,154.284,154.566,0,155.81622120706004,154.86635,153.91647879293998,43.19485453603607
2025-02-03 08:00:00,154.568,154.863,154.004,154.688,0,155.75760844862964,154.83274999999998,153.9078915513703,45.01108195732832
2025-02-03 12:00:00,154.685,155.007,154.516,154.709,0,155.7158066513275,154.80715,153.8984933486725,45.33507483066176
2025-02-03 16:00:00,154.715,155.401,154.543,155.309,0,155.70867958923597,154.805,153.90132041076404,53.724431925369124
2025-02-03 20:00:00,155.31,155.396,155.037,155.28,0,155.75891633661072,154.83315,153.90738366338925,53.298669120484924
2025-02-04 00:00:00,155.28,155.521,154.823,155.243,0,155.8010312043867,154.86545,153.92986879561332,52.724556320539
2025-02-04 04:00:00,155.244,155.393,155.066,155.275,0,155.83945041610997,154.9052,153.97094958389005,53.19414111051866
2025-02-04 08:00:00,155.278,155.384,154.464,154.558,0,155.8095824598122,154.92555,154.04151754018778,42.90956530187859
2025-02-04 12:00:00,154.557,154.624,154.171,154.261,0,155.82241270297285,154.9175,154.01258729702712,39.50258172570569
2025-02-04 16:00:00,154.262,154.458,153.822,153.85,0,155.87545120520434,154.8974,153.91934879479567,35.3229075691665
2025-02-04 20:00:00,153.848,153.85,153.087,153.358,0,156.01253827521043,154.85005,153.6875617247896,31.083073457186728
2025-02-05 00:00:00,153.357,153.565,152.913,153.055,0,156.174721354994,154.78095000000002,153.38717864500603,28.791083853773344
2025-02-05 04:00:00,153.058,153.132,152.551,152.861,0,156.32016108202478,154.69455,153.0689389179752,27.398079130471686
2025-02-05 08:00:00,152.862,153.204,152.109,152.334,0,156.49127615398893,154.56995,152.64862384601108,24.00091902741208
2025-02-05 12:00:00,152.334,152.765,152.243,152.691,0,156.5381538802296,154.4587,152.3792461197704,30.30523992258884
2025-02-05 16:00:00,152.69,152.751,152.327,152.353,0,156.5705908102276,154.3219,152.0732091897724,27.941935720294794
2025-02-05 20:00:00,152.353,152.381,151.81,152.347,0,156.54847579475074,154.1802,151.81192420524928,27.900341723250918
2025-02-06 00:00:00,152.35,152.698,152.164,152.639,0,156.37854068990487,154.0272,151.67585931009512,33.1182682714298
2025-02-06 04:00:00,152.639,152.897,152.264,152.377,0,156.18263777501892,153.86034999999998,151.53806222498105,30.953657333063816
2025-02-06 08:00:00,152.378,152.526,151.658,152.041,0,156.02026564036856,153.68975,151.35923435963144,28.390864421277158
2025-02-06 12:00:00,152.042,152.061,151.235,151.528,0,156.0117292432135,153.53785,151.0639707567865,24.989026263586823
2025-02-06 16:00:00,151.527,151.534,150.957,151.213,0,155.97479698739681,153.3641,150.7534030126032,23.154404580603682
2025-02-06 20:00:00,151.213,151.737,151.211,151.674,0,155.84543999276568,153.21235,150.5792600072343,31.1240639169326
2025-02-07 00:00:00,151.675,151.889,151.588,151.74,0,155.5558357565178,153.03390000000002,150.51196424348223,32.208057102952424
2025-02-07 04:00:00,151.74,152.244,151.696,152.01,0,155.20576124828753,152.8704,150.53503875171245,36.60374788178083
2025-02-07 08:00:00,152.007,152.421,150.927,151.302,0,154.8331478863781,152.67335,150.5135521136219,30.938681188369713
2025-02-07 12:00:00,151.302,151.844,151.199,151.301,0,154.35341355883423,152.47465,150.59588644116576,30.93139952717459
2025-02-07 16:00:00,151.3,151.451,151.269,151.377,0,153.98935701940383,152.3156,150.64184298059615,32.23673243260865
2025-02-09 16:00:00,151.198,151.917,151.156,151.872,0,153.61981755599885,152.19615,150.77248244400113,40.168126401756176
2025-02-09 20:00:00,151.871,152.209,151.822,151.903,0,153.30671748062684,152.0988,150.89088251937318,40.63673916200011
2025-02-10 00:00:00,151.902,152.536,151.767,152.387,0,153.12222534953185,152.05025,150.97827465046817,47.544550552114515
2025-02-10 04:00:00,152.387,152.407,152.009,152.063,0,152.96885375438438,152.00065,151.03244624561563,43.864762253306985
2025-02-10 08:00:00,152.063,152.084,151.567,151.721,0,152.8336066899597,151.94365,151.05369331004027,40.317588855456066
2025-02-10 12:00:00,151.721,152.068,151.707,151.949,0,152.79622094492163,151.9244,151.05257905507835,43.5924814285505
2025-02-10 16:00:00,151.948,152.007,151.683,151.803,0,152.67849783969908,151.88,151.08150216030091,42.00307672474471
2025-02-10 20:00:00,151.803,152.06,151.797,151.985,0,152.63212174531554,151.8616,151.09107825468448,44.709386624589285
2025-02-11 00:00:00,151.983,152.096,151.647,151.867,0,152.5753553524063,151.8376,151.09984464759373,43.298661676060895
2025-02-11 04:00:00,151.867,152.411,151.826,152.376,0,152.51228558355479,151.82445,151.13661441644524,50.54726609252001
2025-02-11 08:00:00,152.376,152.594,152.229,152.366,0,152.50998276468962,151.8239,151.1378172353104,50.41091689466942
2025-02-11 12:00:00,152.364,152.603,152.286,152.554,0,152.60138814082828,151.84955,151.0977118591717,52.9788891855778
2025-02-11 16:00:00,152.554,153.227,152.353,153.185,0,152.8671783480612,151.93239999999997,150.99762165193874,60.3926164084167
2025-02-11 20:00:00,153.186,153.733,153.073,153.686,0,153.20677524522753,152.05605,150.90532475477247,65.09792408606981
2025-02-12 00:00:00,153.686,153.886,153.413,153.551,0,153.45631492643184,152.1499,150.84348507356816,62.92852162966343
2025-02-12 04:00:00,153.555,153.695,153.377,153.557,0,153.66766539693276,152.24075,150.81383460306722,62.987558440374364
2025-02-12 08:00:00,153.554,154.801,153.265,154.623,0,154.12986062224996,152.3714,150.61293937775002,71.63147209695465
2025-02-12 12:00:00,154.62,154.629,154.283,154.432,0,154.4291380071952,152.5279,150.62666199280477,68.54270766331372
2025-02-12 16:00:00,154.432,154.551,154.12,154.536,0,154.69351878562534,152.68965,150.68578121437466,69.31849419778453
2025-02-12 20:00:00,154.537,154.664,154.158,154.358,0,154.87307824408427,152.8387,150.8043217559157,66.30454754451338
2025-02-13 00:00:00,154.359,154.406,153.953,154.018,0,154.99145584161658,152.946,150.9005441583834,60.8611483845451
2025-02-13 04:00:00,154.019,154.09,153.731,153.851,0,155.06631318647223,153.0434,151.02048681352775,58.32819252126342
2025-02-13 08:00:00,153.851,154.012,152.922,153.176,0,155.08367405773302,153.08284999999998,151.08202594226694,49.38217614537071
2025-02-13 12:00:00,153.177,153.342,152.698,152.741,0,155.06971020184827,153.11675,151.16378979815173,44.6314268864169
2025-02-13 16:00:00,152.739,153.151,152.571,152.641,0,155.02318907452067,153.16275000000002,151.30231092547936,43.59316779983869
2025-02-13 20:00:00,152.643,153.003,152.443,152.631,0,154.99086675298844,153.19684999999998,151.40283324701153,43.48422929021379
2025-02-14 00:00:00,152.63,152.781,152.381,152.747,0,154.9356451613797,153.24405000000002,151.55245483862032,45.195130069884264
2025-02-14 04:00:00,152.745,152.837,152.466,152.734,0,154.89111889899542,153.2815,151.67188110100457,45.03060465496102
2025-02-14 08:00:00,152.735,152.823,152.023,152.25,0,154.85050241555547,153.30065,151.7507975844445,39.29515982765621
2025-02-14 12:00:00,152.25,152.389,152.176,152.327,0,154.85403477271953,153.2982,151.7423652272805,40.59155545168877
2025-02-14 16:00:00,152.327,152.345,152.242,152.254,0,154.8625578847865,153.29260000000002,151.72264211521355,39.725393187368624
2025-02-16 16:00:00,152.2,152.391,151.783,151.877,0,154.91762406092303,153.25875000000002,151.599875939077,35.511046928639104
2025-02-16 20:00:00,151.875,151.934,151.503,151.683,0,154.9794264086888,153.18365,151.3878735913112,33.53925756915898
2025-02-17 00:00:00,151.684,151.942,151.473,151.76,0,154.96953036064644,153.08735,151.20516963935353,35.08006650090857
2025-02-17 04:00:00,151.758,151.845,151.398,151.505,0,154.9746514148576,152.98505,150.9954485851424,32.40104183400496
2025-02-17 08:00:00,151.505,151.526,151.336,151.438,0,154.95921046822122,152.87910000000002,150.79898953177883,31.715695877587308
2025-02-17 12:00:00,151.438,151.448,151.364,151.4,0,154.73098059837736,152.71795000000003,150.7049194016227,31.311172441856016
2025-02-17 16:00:00,151.399,151.717,151.23,151.68,0,154.4788840950332,152.58035,150.6818159049668,37.62429245649654
2025-02-17 20:00:00,151.68,152.193,151.594,152.143,0,154.14013706044722,152.4607,150.7812629395528,46.39736506603793
2025-02-18 00:00:00,152.142,152.219,151.792,151.946,0,153.78763761954696,152.3401,150.89256238045306,43.5882131667252
2025-02-18 04:00:00,151.945,151.964,151.676,151.726,0,153.4725712088745,152.2255,150.9784287911255,40.629743475540884
2025-02-18 08:00:00,151.728,151.865,151.526,151.786,0,153.13354933748803,152.12225,151.11095066251198,41.790143789641576
2025-02-18 12:00:00,151.787,152.061,151.775,152.015,0,152.95272115338003,152.0642,151.17567884661997,46.11872612214864
2025-02-18 16:00:00,152.015,152.124,151.829,152.074,0,152.8635735495672,152.03085000000002,151.19812645043282,47.20795428075099
2025-02-18 20:00:00,152.069,152.306,151.741,151.76,0,152.7779271958439,151.9868,151.1956728041561,42.306242416819785
2025-02-19 00:00:00,151.76,151.871,151.587,151.719,0,152.6820842284756,151.9412,151.20031577152443,41.697433762887165
2025-02-19 04:00:00,151.718,151.954,151.55,151.909,0,152.5413526769696,151.89929999999998,151.25724732303036,45.60402151754497
2025-02-19 08:00:00,151.908,151.91,151.243,151.671,0,152.36769703527474,151.84615,151.32460296472524,41.82360687526176
2025-02-19 12:00:00,151.671,151.827,151.391,151.476,0,152.31813952407887,151.80745,151.2967604759211,38.97296855181822
2025-02-19 16:00:00,151.475,151.521,150.832,150.984,0,152.3098567048187,151.7403,151.17074329518127,32.88309236819181
2025-02-19 20:00:00,150.982,150.991,150.242,150.251,0,152.4617947590072,151.64015,150.8185052409928,26.291578232145298
2025-02-20 00:00:00,150.251,150.412,149.946,150.338,0,152.55280307194556,151.5632,150.57359692805443,28.132953451192833
2025-02-20 04:00:00,150.338,150.433,149.927,150.091,0,152.66027912363742,151.4836,150.30692087636257,26.13660332073418
2025-02-20 08:00:00,150.09,150.216,149.468,149.63,0,152.79522974018747,151.37709999999998,149.9589702598125,22.87407966250865
2025-02-20 12:00:00,149.629,149.826,149.397,149.65,0,152.88746724774086,151.28435,149.68123275225912,23.321270795265065
2025-02-20 16:00:00,149.65,149.905,149.274,149.83,0,152.92512209773,151.20395,149.48277790227,27.40117182008754
2025-02-20 20:00:00,149.829,150.732,149.789,150.327,0,152.91014125420574,151.15030000000002,149.3904587457943,37.318263088664516
2025-02-21 00:00:00,150.329,150.653,150.291,150.428,0,152.85676564038883,151.08769999999998,149.31863435961114,39.13776397577602
2025-02-21 04:00:00,150.43,150.532,150.188,150.476,0,152.72304372198903,151.00435,149.28565627801095,40.02872575314811
2025-02-21 08:00:00,150.476,150.511,149.389,149.494,0,152.66295059229853,150.88175,149.1005494077015,30.266849123456268
2025-02-21 12:00:00,149.494,149.531,148.922,149.133,0,152.64273818855028,150.75209999999998,148.8614618114497,27.601944752164357
2025-02-21 16:00:00,149.134,149.339,149.121,149.262,0,152.56009150034447,150.6259,148.69170849965553,29.97461357288698
2025-02-23 16:00:00,149.175,149.403,148.841,148.922,0,152.43088403471285,150.47125,148.51161596528715,27.42362252058527
2025-02-23 20:00:00,148.921,149.495,148.915,149.205,0,152.2158599143049,150.3278,148.4397400856951,32.56778821702521
2025-02-24 00:00:00,149.207,149.568,149.184,149.418,0,152.01769431100522,150.2107,148.4037056889948,36.23135969980697
2025-02-24 04:00:00,149.419,149.831,149.375,149.763,0,151.7898204990116,150.11290000000002,148.43597950098845,41.75145437276587
2025-02-24 08:00:00,149.761,149.871,149.188,149.571,0,151.46940965111722,149.996,148.5225903488828,39.692193867430966
2025-02-24 12:00:00,149.571,149.799,149.383,149.722,0,151.1582484520136,149.89855,148.6388515479864,42.1104390946204
2025-02-24 16:00:00,149.72,150.187,149.563,150.146,0,150.87307247334317,149.83205,148.79102752665685,48.370754063363655
2025-02-24 20:00:00,150.146,150.298,149.459,149.561,0,150.66243999356965,149.76090000000002,148.8593600064304,41.674379160063936
2025-02-25 00:00:00,149.561,149.866,149.195,149.453,0,150.60266161309514,149.721,148.83933838690487,40.55806432873014
2025-02-25 04:00:00,149.454,149.953,149.439,149.685,0,150.52332575414235,149.68835,148.85337424585768,44.026614979203266
2025-02-25 08:00:00,149.686,149.817,148.562,149.095,0,150.4901671616434,149.63854999999998,148.78693283835656,37.960197782631575
2025-02-25 12:00:00,149.093,149.254,148.905,148.947,0,150.50784925701757,149.6044,148.70095074298243,36.597913663593296
2025-02-25 16:00:00,148.946,149.176,148.618,148.902,0,150.52035344967416,149.567,148.61364655032585,36.17284665727859
2025-02-25 20:00:00,148.906,149.55,148.714,149.439,0,150.49444365890466,149.54745,148.60045634109534,44.46245814707907
2025-02-26 00:00:00,149.439,149.63,149.249,149.288,0,150.37750056689643,149.4955,148.61349943310356,42.77995319411822
2025-02-26 04:00:00,149.288,149.645,149.224,149.611,0,150.2292511296181,149.45465,148.68004887038188,47.367953104479504
2025-02-26 08:00:00,149.614,149.884,149.119,149.133,0,150.0152188861311,149.3875,148.75978111386888,42.000812842413524
2025-02-26 12:00:00,149.131,149.243,148.81,149.027,0,150.0088000678707,149.36415000000002,148.71949993212934,40.89423227734964
2025-02-26 16:00:00,149.03,149.233,148.742,149.138,0,150.00869508767775,149.3644,148.72010491232223,42.59969160112199
2025-02-26 20:00:00,149.139,149.403,149.071,149.097,0,150.00963856914692,149.35614999999999,148.70266143085306,42.116291004540294
2025-02-27 00:00:00,149.097,149.729,149.096,149.714,0,150.0350376895465,149.39575000000002,148.75646231045354,51.10769007682583
2025-02-27 04:00:00,149.716,149.97,149.558,149.65,0,150.06015262983627,149.41799999999998,148.7758473701637,50.23599336064875
2025-02-27 08:00:00,149.653,150.161,149.357,149.809,0,150.10193497123706,149.43755000000002,148.77316502876297,52.40777903183333
2025-02-27 12:00:00,149.808,150.152,149.628,149.694,0,150.09237772255003,149.4341,148.77582227744998,50.684858440828314
2025-02-27 16:00:00,149.694,150.142,149.352,149.364,0,150.07959720019653,149.42374999999998,148.76790279980344,46.01044890278956
2025-02-27 20:00:00,149.372,149.696,149.098,149.607,0,150.06524709347025,149.418,148.77075290652976,49.689881716035494
2025-02-28 00:00:00,149.606,150.686,149.578,150.564,0,150.19642753085657,149.4389,148.6813724691434,60.97093509729242
2025-02-28 04:00:00,150.569,150.714,150.184,150.659,0,150.41929394379736,149.4938,148.56830605620263,61.8846086419121
2025-02-28 08:00:00,150.659,150.987,150.233,150.639,0,150.6040218619886,149.5531,148.5021781380114,61.55788716547866
2025-02-28 12:00:00,150.639,150.682,150.239,150.507,0,150.72388377876533,149.5942,148.46451622123467,59.33145903107624
2025-02-28 16:00:00,150.507,150.618,150.482,150.602,0,150.85562208465822,149.66955000000002,148.4834779153418,60.440406946694075
2025-03-02 16:00:00,150.644,151.019,150.489,150.541,0,150.94458591513242,149.74925000000002,148.5539140848676,59.321849855219014
2025-03-02 20:00:00,150.542,150.719,150.243,150.335,0,150.97560652548833,149.8209,148.66619347451166,55.58092798500397
2025-03-03 00:00:00,150.333,150.528,150.025,150.11,0,151.00179083427955,149.85444999999999,148.70710916572042,51.7428460101608
2025-03-03 04:00:00,150.112,151.301,149.945,151.236,0,151.21518167062544,149.95185,148.68851832937457,64.83123351558316
2025-03-03 08:00:00,151.236,151.297,150.048,150.169,0,151.23636782177607,149.97975000000002,148.72313217822398,50.777126104302674
2025-03-03 12:00:00,150.17,150.336,149.097,149.417,0,151.21796886832072,149.99394999999998,148.76993113167924,43.60293683735486
2025-03-03 16:00:00,149.417,149.625,148.978,149.15,0,151.20572131700015,150.0001,148.79447868299985,41.368087451004804
2025-03-03 20:00:00,149.15,149.419,148.595,149.14,0,151.205535571534,150.0002,148.794864428466,41.28274315745926
2025-03-04 00:00:00,149.141,149.574,148.999,149.088,0,151.20643999747458,149.99975,148.79306000252544,40.8112483102474
2025-03-04 04:00:00,149.086,149.148,148.096,148.23,0,151.35528794452173,149.92555,148.49581205547824,33.92613071944022
2025-03-04 08:00:00,148.228,148.86,148.183,148.812,0,151.39028244024723,149.88365000000002,148.3770175597528,41.175646893666304
2025-03-04 12:00:00,148.813,149.511,148.688,149.099,0,151.39311631355034,149.84815,148.30318368644967,44.41445168331687
2025-03-04 16:00:00,149.099,149.97,149.042,149.915,0,151.40275882298192,149.85920000000002,148.3156411770181,52.43348301103072
2025-03-04 20:00:00,149.916,150.182,149.706,149.825,0,151.40922018635115,149.88225,148.35527981364885,51.550144955401606
2025-03-05 00:00:00,149.825,149.893,149.199,149.222,0,151.4128997386945,149.863,148.3131002613055,45.9630441886904
2025-03-05 04:00:00,149.22,149.566,149.096,149.51,0,151.33270652915226,149.8103,148.28789347084776,48.816346293716336
2025-03-05 08:00:00,149.51,149.737,148.392,148.826,0,151.24633900958455,149.71865,148.19096099041545,43.00797731632915
2025-03-05 12:00:00,148.828,149.139,148.633,148.879,0,151.13877841296937,149.63065,148.12252158703063,43.56827228698321
2025-03-05 16:00:00,148.877,149.31,148.723,149.15,0,151.02862531019406,149.56279999999998,148.0969746898059,46.46633472045047
2025-03-05 20:00:00,149.15,149.331,148.946,149.188,0,150.88521074936835,149.4921,148.09898925063163,46.87829503875403
2025-03-06 00:00:00,149.189,149.219,148.066,148.155,0,150.79454422453747,149.37279999999998,147.9510557754625,38.25913473567882
2025-03-06 04:00:00,148.154,148.154,147.561,147.608,0,150.78070690544217,149.23645,147.6921930945578,34.6283792408486
2025-03-06 08:00:00,147.611,148.391,147.308,147.908,0,150.7190142175945,149.12635,147.5336857824055,38.098023788843314
2025-03-06 12:00:00,147.909,148.025,147.567,147.807,0,150.3249405687446,148.9549,147.5848594312554,37.37873200451717
2025-03-06 16:00:00,147.806,148.162,147.645,147.956,0,150.16060479640032,148.84425,147.52789520359966,39.20237100739005
2025-03-06 20:00:00,147.955,148.12,147.442,147.674,0,150.13937998611215,148.75709999999998,147.3748200138878,37.00585209581319
2025-03-07 00:00:00,147.674,147.752,147.201,147.336,0,150.16667429492287,148.6664,147.16612570507715,34.50999463283159
2025-03-07 04:00:00,147.335,147.852,147.289,147.745,0,150.13167407473185,148.59665,147.06162592526817,39.80090746259599
2025-03-07 08:00:00,147.744,147.965,146.944,147.133,0,150.14153445720783,148.4989,146.85626554279216,35.216207101024565
2025-03-07 12:00:00,147.137,148.198,146.958,147.953,0,150.14113592470514,148.48505,146.82896407529486,44.44943539947501
2025-03-07 16:00:00,147.954,148.037,147.84,148.018,0,150.1062425642577,148.44535000000002,146.78445743574233,45.117176086679706
2025-03-09 16:00:00,147.908,147.946,147.227,147.294,0,150.05969777073847,148.3551,146.65050222926152,39.43160939210135
2025-03-09 20:00:00,147.289,147.754,147.088,147.633,0,149.8130071246679,148.24099999999999,146.66899287533207,43.05043829847809
2025-03-10 00:00:00,147.633,147.79,147.139,147.184,0,149.56603482594764,148.10895,146.65186517405235,39.66969493899055
2025-03-10 04:00:00,147.184,147.358,146.72,147.016,0,149.43585691273282,147.99865,146.56144308726718,38.45291641925381
2025-03-10 08:00:00,147.016,147.306,146.628,147.259,0,149.17740722913143,147.8861,146.59479277086857,41.25946304095395
2025-03-10 12:00:00,147.258,147.464,147.036,147.253,0,149.05091764735042,147.80745,146.56398235264956,41.20949506754608
2025-03-10 16:00:00,147.252,147.276,146.538,146.748,0,148.92386490546838,147.7009,146.4779350945316,37.133286786711736
2025-03-10 20:00:00,146.746,147.22,146.593,146.971,0,148.65718959277123,147.59195,146.52671040722876,39.9576150779237
2025-03-11 00:00:00,146.97,147.4,146.758,147.287,0,148.27646472470704,147.4969,146.71733527529298,43.80992264723623
2025-03-11 04:00:00,147.287,147.936,147.216,147.768,0,148.2085105940183,147.47755,146.74658940598172,49.15722725037709
2025-03-11 08:00:00,147.766,148.118,147.247,147.291,0,148.19440406031876,147.4617,146.72899593968125,44.62215869661826
2025-03-11 12:00:00,147.292,147.913,147.02,147.767,0,148.17260634268916,147.45465,146.7366936573108,49.6173355228286
2025-03-11 16:00:00,147.757,148.151,147.496,148.13,0,148.23290723655376,147.4708,146.70869276344624,53.09224762601149
2025-03-11 20:00:00,148.131,148.267,147.844,148.148,0,148.27101682249216,147.4804,146.68978317750785,53.26437948894654
2025-03-12 00:00:00,148.149,148.65,147.957,148.336,0,148.38505412913227,147.5135,146.64194587086772,55.116926598014665
2025-03-12 04:00:00,148.337,149.194,148.073,149.126,0,148.71713446226542,147.603,146.4888655377346,61.94351669837834
2025-03-12 08:00:00,149.126,149.15,148.192,148.28,0,148.78129954301036,147.62975,146.47820045698964,52.699591135944566
2025-03-12 12:00:00,148.281,148.413,148.106,148.225,0,148.84005502724844,147.68435000000002,146.5286449727516,52.154673551133754
2025-03-12 16:00:00,148.224,148.37,148.089,148.108,0,148.85694984440366,147.69209999999998,146.5272501555963,50.947813305859476
2025-03-12 20:00:00,148.108,148.322,147.821,147.846,0,148.8411157393571,147.68349999999998,146.52588426064287,48.25500036109308
2025-03-13 00:00:00,147.848,147.939,147.574,147.919,0,148.86232045535655,147.71475,146.56717954464347,49.06283351401779
2025-03-13 04:00:00,147.919,148.254,147.725,148.206,0,148.9098318925712,147.7434,146.57696810742883,52.22099344758816
2025-03-13 08:00:00,148.206,148.354,147.528,147.585,0,148.90423384894208,147.76344999999998,146.62266615105787,45.6287624937008
2025-03-13 12:00:00,147.585,147.822,147.411,147.801,0,148.8907125183136,147.8027,146.71468748168638,48.08368602724395
2025-03-13 16:00:00,147.801,148.326,147.689,148.295,0,148.9326410853905,147.85449999999997,146.77635891460946,53.279290283301165
2025-03-13 20:00:00,148.294,148.553,148.152,148.495,0,148.99207671290776,147.9166,146.84112328709222,55.232646137061884
2025-03-14 00:00:00,148.502,149.02,148.426,148.879,0,149.03476065139054,148.02315000000002,147.0115393486095,58.79477887009505
2025-03-14 04:00:00,148.882,148.996,148.587,148.656,0,149.03133709742966,148.1074,147.18346290257037,56.00766652775275
2025-03-14 08:00:00,148.653,148.896,148.256,148.356,0,149.00936712416816,148.16084999999998,147.3123328758318,52.4083714475508
2025-03-14 12:00:00,148.352,148.668,148.318,148.606,0,149.0522936127749,148.20275,147.35320638722513,55.00346197410178
2025-03-16 16:00:00,148.753,148.883,148.459,148.791,0,149.0537489368591,148.27775,147.5017510631409,56.87735063899383
2025-03-16 20:00:00,148.791,149.04,148.534,149.035,0,149.14651234702552,148.34115000000003,147.53578765297453,59.285673559061536
2025-03-17 00:00:00,149.035,149.095,148.682,148.924,0,149.21830454205372,148.38085,147.5433954579463,57.706776078519496
2025-03-17 04:00:00,148.929,148.95,148.26,148.818,0,149.26535958279345,148.41434999999998,147.56334041720652,56.168395593743746
2025-03-17 08:00:00,148.818,149.094,148.439,148.729,0,149.29495644489506,148.43400000000003,147.573043555105,54.84632897747677
2025-03-17 12:00:00,148.73,149.283,148.699,149.194,0,149.30972273844392,148.4374,147.56507726155607,60.12698657875928
2025-03-17 16:00:00,149.193,149.486,149.088,149.461,0,149.47194771399333,148.49644999999998,147.52095228600663,62.81600619295891
2025-03-17 20:00:00,149.46,149.731,149.36,149.556,0,149.6324262012903,148.563,147.4935737987097,63.752678874039255
2025-03-18 00:00:00,149.556,149.9,149.513,149.751,0,149.8102859191125,148.64515,147.4800140808875,65.66459853381777
2025-03-18 04:00:00,149.75,149.934,149.561,149.838,0,149.959126856666,148.74475,147.53037314333403,66.51326273501475
2025-03-18 08:00:00,149.84,149.892,149.282,149.418,0,150.00566865051562,148.81969999999998,147.63373134948435,58.93945014908578
2025-03-18 12:00:00,149.417,149.417,149.094,149.25,0,150.036944359673,148.8719,147.70685564032703,56.18357011001748
2025-03-18 16:00:00,149.251,149.645,149.186,149.603,0,150.01792403091963,148.9728,147.92767596908038,60.37597243686828
2025-03-18 20:00:00,149.607,149.643,149.202,149.533,0,149.98158640198477,149.0594,148.13721359801525,59.167007823134746
2025-03-19 00:00:00,149.538,150.019,149.14,149.627,0,150.00932213829694,149.126,148.24267786170307,60.316160240156584
2025-03-19 04:00:00,149.628,149.882,149.569,149.793,0,150.0699651625479,149.1909,148.3118348374521,62.33221106017301
2025-03-19 08:00:00,149.793,150.146,149.74,149.94,0,150.16821846208518,149.24394999999998,148.3196815379148,64.07283390836635
2025-03-19 12:00:00,149.939,149.995,148.604,148.678,0,150.16656515994327,149.24505,148.3235348400567,44.89315343035067
2025-03-19 16:00:00,148.674,148.872,148.276,148.298,0,150.1751319451658,149.24215,148.30916805483423,40.92102849064308
2025-03-19 20:00:00,148.299,148.446,148.179,148.394,0,150.1974382906451,149.23155,148.2656617093549,42.3097573889458
2025-03-20 00:00:00,148.395,148.685,148.178,148.542,0,150.21338323932636,149.2191,148.22481676067363,44.47664032468006
2025-03-20 04:00:00,148.541,148.78,148.398,148.556,0,150.22833270891712,149.19514999999998,148.16196729108285,44.68828202191883
2025-03-20 08:00:00,148.558,148.959,148.449,148.751,0,150.23144813268667,149.1865,148.14155186731332,47.67976439819486
2025-03-20 12:00:00,148.75,148.924,148.712,148.765,0,150.23278398743935,149.18385,148.13491601256067,47.897638103613055
2025-03-20 16:00:00,148.764,149.03,148.585,148.989,0,150.22922692244902,149.19684999999998,148.16447307755095,51.385847245335064
2025-03-20 20:00:00,148.989,149.481,148.93,149.413,0,150.24446052302832,149.2078,148.17113947697166,57.22367287340894
2025-03-21 00:00:00,149.413,149.66,149.245,149.479,0,150.24626910131582,149.2087,148.17113089868417,58.06778275988885
2025-03-21 04:00:00,149.481,149.483,148.636,148.669,0,150.21449937509166,149.16435,148.11420062490836,46.05599981129873
2025-03-21 08:00:00,148.67,149.255,148.602,149.236,0,150.15464948698644,149.1386,148.12255051301355,53.33318051218842
2025-03-21 12:00:00,149.237,149.363,149.157,149.269,0,150.0769424854929,149.11015000000003,148.14335751450716,53.7244599904248
2025-03-23 16:00:00,149.329,149.778,149.329,149.738,0,150.12291903543672,149.12615,148.12938096456327,58.9875217556646
2025-03-23 20:00:00,149.737,149.951,149.68,149.767,0,150.18638174771473,149.152,148.11761825228524,59.29579517874251
2025-03-24 00:00:00,149.768,149.866,149.528,149.621,0,150.18887990328258,149.1529,148.1169200967174,56.973936203675564
2025-03-24 04:00:00,149.621,149.867,149.491,149.826,0,150.23249759965242,149.16755,148.1026024003476,59.3791131373557
2025-03-24 08:00:00,149.824,150.754,149.749,150.573,0,150.43058159455754,149.21485,147.9991184054425,66.68684499008612
2025-03-24 12:00:00,150.572,150.714,150.482,150.687,0,150.61476385397484,149.25955000000002,147.9043361460252,67.64351780678652
2025-03-24 16:00:00,150.688,150.942,150.605,150.933,0,150.82387113262425,149.3092,147.79452886737576,69.66778017800301
2025-03-24 20:00:00,150.931,150.935,150.509,150.556,0,150.98113015180482,149.40310000000002,147.82506984819523,63.14768597724872
2025-03-25 00:00:00,150.555,150.766,150.416,150.624,0,151.09735645060468,149.5194,147.9414435493953,63.80566901340091
2025-03-25 04:00:00,150.626,150.667,149.86,149.967,0,151.0987056533745,149.59805,148.0973943466255,53.80918087632869
2025-03-25 08:00:00,149.968,149.976,149.546,149.774,0,151.0808932972594,149.65965,148.2384067027406,51.26813597894098
2025-03-25 12:00:00,149.773,149.938,149.711,149.897,0,151.05696615382212,149.7267,148.39643384617787,52.79798639585499
2025-03-25 16:00:00,149.895,150.193,149.838,150.174,0,151.0623562712397,149.79784999999998,148.53334372876026,56.137538948266894
2025-03-25 20:00:00,150.175,150.545,150.049,150.54,0,151.09667080784737,149.8866,148.6765291921526,60.14942297581305
2025-03-26 00:00:00,150.541,150.622,150.091,150.121,0,151.08394915735423,149.9432,148.80245084264575,54.05403802512308
2025-03-26 04:00:00,150.122,150.437,150.017,150.392,0,151.12165702078573,149.99214999999998,148.86264297921423,57.083294209555405
2025-03-26 08:00:00,150.391,150.743,150.305,150.57,0,151.17718699240822,150.0467,148.91621300759175,58.99558809638966
2025-03-26 12:00:00,150.568,150.716,150.312,150.558,0,151.09770199022535,150.14114999999998,149.18459800977462,58.805352823853255
2025-03-26 16:00:00,150.559,150.62,150.28,150.48,0,151.07433846720497,150.20335,149.33236153279503,57.50729952766066
2025-03-26 20:00:00,150.479,150.479,150.058,150.195,0,151.00823955305486,150.24965,149.49106044694514,52.9115038707323
2025-03-27 00:00:00,150.193,150.63,150.136,150.627,0,151.0314441259032,150.29410000000001,149.55675587409684,58.34554324946603
2025-03-27 04:00:00,150.626,151.088,150.597,150.727,0,151.0606916503856,150.34210000000002,149.62350834961444,59.51034749998876
2025-03-27 08:00:00,150.727,151.156,150.58,151.008,0,151.10558528220642,150.41145,149.71731471779358,62.66933697290098
2025-03-27 12:00:00,151.007,151.146,150.962,151.031,0,151.16128077119632,150.4717,149.78211922880368,62.92431310838157
2025-03-27 16:00:00,151.031,151.208,150.764,150.961,0,151.21210399444365,150.49110000000002,149.77009600555638,61.54649451742213
2025-03-27 20:00:00,150.96,150.975,150.701,150.87,0,151.23547074916561,150.50025,149.76502925083437,59.715902382524995
2025-03-28 00:00:00,150.87,150.934,150.359,150.532,0,151.1884998235237,150.4802,149.7719001764763,53.36670732529098
2025-03-28 04:00:00,150.533,150.932,150.498,150.639,0,151.19534515469778,150.48435,149.77335484530224,54.99792881114121
2025-03-28 08:00:00,150.64,150.783,149.906,150.085,0,151.18582608410443,150.4574,149.72897391589558,46.02176459772879
2025-03-28 12:00:00,150.085,150.132,149.682,149.818,0,151.20098301525547,150.44995,149.69891698474453,42.4277439039735
2025-03-30 16:00:00,149.721,149.796,149.397,149.478,0,151.24800306790573,150.43515,149.62229693209426,38.32348592105789
2025-03-30 20:00:00,149.617,149.635,148.719,148.922,0,151.41169379204393,150.3864,149.36110620795608,32.74506668336487
2025-03-31 00:00:00,148.919,149.245,148.698,149.143,0,151.49277215196182,150.33485000000002,149.17692784803822,36.6898371679713
2025-03-31 04:00:00,149.143,149.432,148.959,149.373,0,151.50278650812277,150.2765,149.05021349187723,40.59501427915061
2025-03-31 08:00:00,149.376,149.957,149.346,149.907,0,151.5010289828222,150.2658,149.03057101717783,48.53274583977136
2025-03-31 12:00:00,149.911,150.264,149.8,149.959,0,151.4849383421454,150.24415,149.00336165785458,49.243972303317875
2025-03-31 16:00:00,149.959,150.14,149.831,149.946,0,151.45077268116398,150.21295,148.97512731883603,49.06143909640435
2025-03-31 20:00:00,149.946,149.982,149.633,149.67,0,151.41733604652842,150.16855,148.9197639534716,45.22834146573298
2025-04-01 00:00:00,149.658,149.99,149.531,149.617,0,151.38772331833178,150.1254,148.86307668166825,44.509205660295706
2025-04-01 04:00:00,149.617,149.719,149.12,149.197,0,151.4002326522752,150.07549999999998,148.75076734772475,39.19122026406234
2025-04-01 08:00:00,149.194,149.542,148.97,149.405,0,151.3444629158067,150.0144,148.6843370841933,42.83400723569281
2025-04-01 12:00:00,149.405,149.741,149.234,149.616,0,151.25766057510492,149.95885,148.6600394248951,46.345391209227266
2025-04-01 16:00:00,149.616,149.888,149.495,149.75,0,151.10411546466304,149.89595,148.68778453533696,48.50852284938999
2025-04-01 20:00:00,149.749,149.951,149.686,149.747,0,150.92259680409512,149.83175,148.74090319590488,48.461417181360126
2025-04-02 00:00:00,149.746,150.0,149.63,149.671,0,150.72820408319268,149.76725000000002,148.80629591680736,47.21066223091532
2025-04-02 04:00:00,149.672,149.716,149.19,149.22,0,150.52907976377998,149.68475,148.84042023622004,40.526290334486575
2025-04-02 08:00:00,149.219,150.088,149.1,149.988,0,150.42224535764564,149.65755000000001,148.8928546423544,52.78556265464621
2025-04-02 12:00:00,149.989,150.252,149.918,150.024,0,150.27114853922768,149.6268,148.98245146077232,53.27179597590827
2025-04-02 16:00:00,150.024,150.484,147.683,147.878,0,150.48399709963132,149.51645,148.54890290036866,32.069761709012525
2025-04-02 20:00:00,147.876,148.335,147.113,147.268,0,150.75424901120783,149.38895,148.02365098879216,28.58692983787634
2025-04-03 00:00:00,147.269,147.636,146.805,147.266,0,150.92604818534986,149.27835,147.63065181465012,28.57597205644413
2025-04-03 04:00:00,147.263,147.361,146.022,146.04,0,151.3030826698954,149.13425,146.96541733010463,22.805197445589485
2025-04-03 08:00:00,146.038,146.361,145.183,146.045,0,151.53210085153364,148.97935,146.42659914846638,22.873604415376008
2025-04-03 12:00:00,146.045,146.516,145.965,146.247,0,151.63035714208578,148.82305,146.0157428579142,25.736806247164267
2025-04-03 16:00:00,146.248,146.304,145.539,146.253,0,151.61247013720947,148.64034999999998,145.6682298627905,25.824889165657424
2025-04-03 20:00:00,146.252,146.405,145.62,145.663,0,151.59952180044283,148.42555,145.25157819955714,22.94313883787268
2025-04-04 00:00:00,145.663,146.298,145.298,146.271,0,151.4674943810607,148.2418,145.01610561893932,31.4341950300162
2025-04-04 04:00:00,146.27,146.546,144.55,145.397,0,151.40944343742996,148.02815,144.64685656257006,26.853387756729674
2025-04-04 08:00:00,145.397,146.22,145.017,146.056,0,151.2529406310033,147.8501,144.4472593689967,34.59305368995895
2025-04-04 12:00:00,145.921,147.429,145.854,146.826,0,151.10349842635637,147.73155000000003,144.3596015736437,42.27828930393299
2025-04-04 16:00:00,146.831,147.001,146.758,146.95,0,150.90604779778639,147.6088,144.31155220221362,43.43101855997424
2025-04-06 16:00:00,145.475,145.684,144.813,145.434,0,150.69168001816647,147.3997,144.10771998183353,34.38892623875334
2025-04-06 20:00:00,145.429,146.843,145.182,146.286,0,150.36663104822193,147.2265,144.08636895177804,41.73119249114649
2025-04-07 00:00:00,146.287,146.464,145.069,145.79,0,150.00286702469873,147.02865000000003,144.05443297530132,38.99534128010687
2025-04-07 04:00:00,145.79,146.622,145.699,146.385,0,149.5891331675214,146.86435,144.1395668324786,43.75863644062139
2025-04-07 08:00:00,146.385,147.979,146.38,147.961,0,149.3586061629849,146.8014,144.2441938370151,54.00324977737546
2025-04-07 12:00:00,147.964,148.147,147.523,147.94,0,148.87288095350414,146.69899999999998,144.52511904649583,53.862459173149
2025-04-07 16:00:00,147.941,148.139,147.617,147.79,0,148.2313140023759,146.58729999999997,144.94328599762403,52.80351453731947
2025-04-07 20:00:00,147.789,147.963,147.25,147.593,0,148.17650719930663,146.57305000000002,144.96959280069342,51.37495552219612
2025-04-08 00:00:00,147.593,147.798,146.966,147.393,0,148.19447529699048,146.57930000000002,144.96412470300956,49.89899213907504
2025-04-08 04:00:00,147.393,147.515,146.771,146.906,0,148.15332086670003,146.56130000000002,144.9692791333,46.403124375701914
2025-04-08 08:00:00,146.904,147.667,146.662,147.023,0,148.19574183118067,146.61045,145.0251581688193,47.357331602795725
2025-04-08 12:00:00,147.021,147.097,145.962,146.278,0,148.1939667755278,146.6221,145.05023322447218,42.20480523755035
2025-04-08 16:00:00,146.278,146.477,145.598,145.849,0,148.20238056481392,146.6022,145.0020194351861,39.53718244946639
2025-04-08 20:00:00,145.848,145.939,145.131,145.329,0,148.2447449777892,146.55599999999998,144.86725502221077,36.52370414417202
2025-04-09 00:00:00,145.33,145.638,144.578,145.523,0,148.25357959626658,146.549,144.84442040373344,38.40977166463235
2025-04-09 04:00:00,145.524,145.779,144.647,144.648,0,148.36166987264056,146.46785,144.57403012735944,33.56548734990976
2025-04-09 08:00:00,144.642,145.097,143.992,145.096,0,148.38481921315716,146.4528,144.52078078684283,37.88503982533817
2025-04-09 12:00:00,145.096,148.277,144.567,147.948,0,148.57533889454496,146.54739999999998,144.519461105455,57.036468078349536
2025-04-09 16:00:00,147.946,148.019,147.233,147.4,0,148.63500824467926,146.5761,144.51719175532074,53.6157812453735
2025-04-09 20:00:00,147.402,147.46,146.606,146.828,0,148.62516052901182,146.57,144.51483947098816,50.22952428869727
2025-04-10 00:00:00,146.829,147.142,146.24,146.27,0,148.60594057679194,146.6118,144.61765942320804,47.10410099444517
2025-04-10 04:00:00,146.27,146.426,145.336,145.526,0,148.61962106744656,146.5738,144.52797893255345,43.24073161760524
2025-04-10 08:00:00,145.527,145.596,144.004,144.344,0,148.74560512231676,146.5015,144.25739487768323,37.91963777662688
2025-04-10 12:00:00,144.341,145.132,144.066,144.658,0,148.79908928404404,146.41514999999998,144.03121071595592,40.030853479913944
2025-04-10 16:00:00,144.658,144.833,143.712,143.749,0,148.7441361454199,146.20454999999998,143.66496385458007,36.193531476310014
2025-04-10 20:00:00,143.754,143.783,142.875,143.19,0,148.69450628562757,145.96705000000003,143.2395937143725,34.03297362487022
2025-04-11 00:00:00,143.19,144.142,142.799,142.835,0,148.6332004169686,145.71930000000003,142.80539958303146,32.69804526768104
2025-04-11 04:00:00,142.834,143.218,142.06,142.599,0,148.54961937656404,145.46959999999999,142.38958062343593,31.804903345139863
2025-04-11 08:00:00,142.602,143.719,142.217,143.58,0,148.33105645129066,145.27894999999998,142.2268435487093,39.23499101826172
2025-04-11 12:00:00,143.58,144.199,143.509,143.595,0,148.1536969854951,145.1134,142.07310301450494,39.34381455068276
2025-04-11 16:00:00,143.591,143.644,143.432,143.436,0,147.9253974873392,144.93404999999998,141.94270251266076,38.55559498547549
2025-04-13 16:00:00,143.876,144.06,143.503,143.691,0,147.77606810913946,144.8047,141.83333189086053,40.61057501764882
2025-04-13 20:00:00,143.692,143.745,142.248,143.021,0,147.69104788250462,144.6633,141.63555211749537,37.09970297562467
2025-04-14 00:00:00,143.019,143.275,142.227,143.076,0,147.63800649221326,144.55065,141.46329350778672,37.57678664812869
2025-04-14 04:00:00,143.079,143.357,142.761,143.241,0,147.54036033409122,144.43654999999998,141.33273966590875,39.069856064603606
2025-04-14 08:00:00,143.241,144.08,142.89,142.971,0,147.519108129097,144.35269999999997,141.18629187090295,37.4896638133427
2025-04-14 12:00:00,142.97,143.348,142.779,143.024,0,147.44688022384463,144.2491,141.05131977615537,38.019594802120466
2025-04-14 16:00:00,143.024,143.331,142.85,143.215,0,146.74727829260124,144.01245,141.27762170739877,39.99385940121743
2025-04-14 20:00:00,143.214,143.592,143.049,143.127,0,146.07001241631258,143.79879999999997,141.52758758368736,39.37160489052777
2025-04-15 00:00:00,143.128,143.509,142.844,143.299,0,145.42474199676786,143.62235,141.81995800323216,41.29419302798514
2025-04-15 04:00:00,143.299,143.305,142.682,142.898,0,144.80941941029627,143.45374999999999,142.0980805897037,38.24889573400694
2025-04-15 08:00:00,142.899,143.263,142.596,143.1,0,144.3046478142401,143.33245,142.3602521857599,40.62431895339963
2025-04-15 12:00:00,143.099,143.249,143.04,143.188,0,144.12982934377143,143.27465,142.41947065622858,41.67689359391603
2025-04-15 16:00:00,143.189,143.278,142.912,143.157,0,143.7730444698604,143.1996,142.6261555301396,41.39847875019524
2025-04-15 20:00:00,143.157,143.17,142.496,142.523,0,143.72566465676238,143.13830000000002,142.55093534323765,36.08865624641723
2025-04-16 00:00:00,142.523,142.673,142.041,142.097,0,143.82484991231357,143.08364999999998,142.3424500876864,33.02368645807793
2025-04-16 04:00:00,142.098,142.95,142.066,142.657,0,143.83178444440372,143.07475,142.31771555559627,40.21208291326427
2025-04-16 08:00:00,142.655,142.858,142.318,142.576,0,143.83358589461494,143.0736,142.31361410538506,39.55085926109537
2025-04-16 12:00:00,142.575,142.693,141.641,142.109,0,143.83115925275433,143.00005000000002,142.1689407472457,35.88694850148639
2025-04-16 16:00:00,142.107,142.198,141.611,141.925,0,143.82385754984955,142.91655,142.00924245015045,34.529675871367175
2025-04-16 20:00:00,141.927,142.861,141.845,142.607,0,143.75914364146468,142.87510000000003,141.9910563585354,43.11711050491987
2025-04-17 00:00:00,142.609,142.913,142.487,142.891,0,143.63637720547518,142.83509999999998,142.03382279452478,46.27717841869182
2025-04-17 04:00:00,142.893,143.087,142.458,142.594,0,143.61682904344104,142.81375,142.01067095655895,43.55229099253848
2025-04-17 08:00:00,142.598,142.695,141.899,142.333,0,143.59628564707106,142.7766,141.95691435292895,41.2534410949003
2025-04-17 12:00:00,142.335,142.715,142.186,142.396,0,143.54093670334586,142.73435,141.92776329665415,42.04858977826138
2025-04-17 16:00:00,142.39,142.499,142.299,142.372,0,143.51806636898328,142.70440000000002,141.89073363101676,41.816386797032784
2025-04-17 20:00:00,142.351,142.442,142.196,142.322,0,143.48535271889412,142.6693,141.85324728110587,41.304635914129506
2025-04-18 00:00:00,142.324,142.41,142.285,142.389,0,143.41239479856424,142.62800000000001,141.8436052014358,42.323233131947546
2025-04-18 04:00:00,142.39,142.396,142.275,142.323,0,143.3478104209908,142.5878,141.82778957900916,41.558149861256766
2025-04-18 08:00:00,142.322,142.358,142.226,142.242,0,143.23437675814895,142.53494999999998,141.835523241851,40.588404707522834
2025-04-18 12:00:00,142.237,142.29,142.114,142.178,0,143.19402941273992,142.49895,141.8038705872601,39.798191313007784
2025-04-18 16:00:00,142.176,142.189,142.091,142.096,0,143.1069876090858,142.44875000000002,141.79051239091424,38.75704533078698
2025-04-20 16:00:00,142.065,142.129,141.496,141.588,0,143.03699901796796,142.36875,141.70050098203205,32.99777468108228
2025-04-20 20:00:00,141.589,141.589,140.615,140.756,0,143.1346083699883,142.2487,141.3627916300117,26.145208555490584
2025-04-21 00:00:00,140.756,140.976,140.546,140.553,0,143.29302817606825,142.15019999999998,141.00737182393172,24.79237576003196
2025-04-21 04:00:00,140.556,141.073,140.467,140.791,0,143.37250194160137,142.0849,140.79729805839864,29.40443655858755
2025-04-21 08:00:00,140.79,141.039,140.568,140.813,0,143.3645606489056,141.99269999999999,140.62083935109436,29.832785597401298
2025-04-21 12:00:00,140.813,140.973,140.556,140.859,0,143.33567053107305,141.90685,140.47802946892693,30.778545597616358
2025-04-21 16:00:00,140.858,140.977,140.649,140.871,0,143.33914737317932,141.84494999999998,140.35075262682065,31.039673999047167
2025-04-21 20:00:00,140.872,141.172,140.096,140.203,0,143.41441374386977,141.75885,140.10328625613022,25.31478002543699
2025-04-22 00:00:00,140.203,140.512,139.885,140.283,0,143.3685226807086,141.64264999999997,139.91677731929136,27.05007517589732
2025-04-22 04:00:00,140.282,140.629,140.169,140.252,0,143.23815455512343,141.5107,139.7832454448766,26.790314805004755
2025-04-22 08:00:00,140.252,140.921,140.208,140.874,0,143.09828442870887,141.4247,139.75111557129114,39.3708537449531
2025-04-22 12:00:00,140.873,141.634,140.791,141.609,0,143.01251804177687,141.3885,139.76448195822312,50.25021818549712
2025-04-22 16:00:00,141.608,143.218,141.452,142.701,0,143.07049063669692,141.40375,139.7370093633031,61.34756012978929
2025-04-22 20:00:00,142.701,142.714,141.662,142.191,0,143.04216703761162,141.3947,139.74723296238838,55.159169401617504
2025-04-23 00:00:00,142.191,142.244,141.527,141.866,0,142.97954298275982,141.3719,139.7642570172402,51.58787280095788
2025-04-23 04:00:00,141.868,142.188,141.576,141.647,0,142.87987211482732,141.3348,139.78972788517268,49.27281919686457
2025-04-23 08:00:00,141.652,142.788,141.573,142.641,0,142.94197635563938,141.35070000000002,139.75942364436065,58.39822600523955
2025-04-23 12:00:00,142.641,143.495,142.566,143.392,0,143.195218030132,141.40820000000002,139.62118196986805,63.709969308038886
2025-04-23 16:00:00,143.397,143.571,142.881,143.194,0,143.38316444204145,141.459,139.53483555795856,61.48113867707426
2025-04-23 20:00:00,143.192,143.338,142.598,142.864,0,143.49993882859147,141.4974,139.49486117140853,57.848712455776905
2025-04-24 00:00:00,142.863,142.958,142.548,142.579,0,143.6042956175413,141.54695,139.4896043824587,54.83548318333554
2025-04-24 04:00:00,142.579,142.736,142.304,142.593,0,143.7106709033181,141.6388,139.56692909668192,54.959593715832334
2025-04-24 08:00:00,142.595,142.775,142.276,142.655,0,143.79797038828173,141.7439,139.68982961171827,55.54224291825301
2025-04-24 12:00:00,142.654,142.83,142.488,142.693,0,143.88389207539555,141.839,139.79410792460445,55.918631565318336
2025-04-24 16:00:00,142.693,142.928,142.521,142.851,0,143.97420832881176,141.9409,139.90759167118824,57.52869413961512
2025-04-24 20:00:00,142.853,143.666,142.817,143.644,0,144.17843237137305,142.08015,139.98186762862696,64.53095069378534
2025-04-25 00:00:00,143.643,143.849,143.223,143.397,0,144.30249202963932,142.20645,140.11040797036065,61.149199664252805
2025-04-25 04:00:00,143.401,143.732,143.223,143.373,0,144.3046171338181,142.36495,140.42528286618187,60.815705461888975
2025-04-25 08:00:00,143.372,144.029,143.303,143.749,0,144.31543675158625,142.53825,140.76106324841376,64.11744044996559
2025-04-25 12:00:00,143.75,143.846,143.442,143.648,0,144.20604392188793,142.70805,141.21005607811205,62.59175322971037
2025-04-25 16:00:00,143.646,143.836,143.617,143.623,0,144.1351102512049,142.8455,141.55588974879507,62.197238021912334
2025-04-27 16:00:00,143.539,143.877,143.449,143.85,0,144.18591940291284,142.95755,141.72918059708715,64.39189203016659
2025-04-27 20:00:00,143.851,143.859,143.342,143.582,0,144.2529807414262,143.0016,141.7502192585738,59.96561641257968
2025-04-28 00:00:00,143.583,143.893,143.288,143.63,0,144.295355790628,143.07354999999998,141.85174420937196,60.489471579578705
2025-04-28 04:00:00,143.63,143.706,143.327,143.371,0,144.2425179892513,143.1488,142.0550820107487,56.215081615661276
2025-04-28 08:00:00,143.373,143.437,142.598,142.703,0,144.08122182783953,143.20159999999998,142.32197817216044,46.99193591243524
2025-04-28 12:00:00,142.703,142.711,142.038,142.064,0,144.15579503966597,143.17275,142.18970496033404,40.1977550666502
2025-04-28 16:00:00,142.062,142.314,141.938,142.179,0,144.1796006135886,143.1121,142.0445993864114,41.827841416441466
2025-04-28 20:00:00,142.18,142.49,142.065,142.428,0,144.18102492747053,143.0738,141.96657507252948,45.304265667583714
2025-04-29 00:00:00,142.429,142.577,142.3,142.387,0,144.1941560085545,143.04995,141.9057439914455,44.829206356325614
2025-04-29 04:00:00,142.386,142.756,142.323,142.739,0,144.19105661017053,143.05794999999998,141.92484338982942,49.705324708411894
2025-04-29 08:00:00,142.739,142.755,142.007,142.294,0,144.20769944621443,143.043,141.87830055378558,44.36675735732092
2025-04-29 12:00:00,142.295,142.379,141.968,142.314,0,144.22242038827224,143.02595000000002,141.8294796117278,44.6544700550584
2025-04-29 16:00:00,142.318,142.445,142.131,142.259,0,144.2392111937273,143.00425,141.76928880627273,43.980864295135426
2025-04-29 20:00:00,142.259,142.548,142.17,142.513,0,144.23937033130952,142.98735,141.73532966869047,47.89030888261444
2025-04-30 00:00:00,142.514,142.888,142.416,142.801,0,144.16222746066492,142.9452,141.72817253933508,51.982202620467376
2025-04-30 04:00:00,142.805,143.152,142.72,143.014,0,144.12597124325416,142.92605,141.72612875674585,54.80860135434633
2025-04-30 08:00:00,143.013,143.047,142.491,142.63,0,144.07711999647063,142.8889,141.70068000352938,49.18749032366222
2025-04-30 12:00:00,142.629,143.007,142.593,142.91,0,143.96809325133447,142.84695,141.72580674866552,52.97467707322806
2025-04-30 16:00:00,142.911,143.188,142.9,143.019,0,143.8787919636736,142.8155,141.75220803632638,54.39952524547543
2025-04-30 20:00:00,143.018,143.752,142.878,143.705,0,143.89586825652944,142.8196,141.74333174347058,62.168632905033824
2025-05-01 00:00:00,143.687,144.742,143.687,144.365,0,144.03741061507492,142.84535,141.65328938492507,67.84482579614154
2025-05-01 04:00:00,144.366,144.554,144.126,144.481,0,144.24656916208127,142.8903,141.53403083791872,68.73278506726123
2025-05-01 08:00:00,144.481,145.652,144.147,145.475,0,144.72385106242785,142.98255,141.24124893757215,75.08256404265029
2025-05-01 12:00:00,145.481,145.734,145.351,145.538,0,145.15513272913014,143.0909,141.02666727086986,75.42323334723052
2025-05-01 16:00:00,145.535,145.608,145.239,145.404,0,145.51245296085784,143.22595,140.93944703914218,73.13293740887886
2025-05-01 20:00:00,145.406,145.924,145.144,145.221,0,145.7617084591319,143.3838,141.0058915408681,70.00645825204396
2025-05-02 00:00:00,145.221,145.422,145.041,145.125,0,145.95673524875662,143.5311,141.1054647512434,68.35555671535701
2025-05-02 04:00:00,145.124,145.206,144.363,144.556,0,146.04688593836897,143.6375,141.228114061631,59.41248882573859
2025-05-02 08:00:00,144.557,144.956,143.727,144.524,0,146.11160564948312,143.74435,141.37709435051687,58.94541542975655
2025-05-02 12:00:00,144.524,145.084,144.487,144.98,0,146.23482362921524,143.8564,141.47797637078477,63.365196881851524
2025-05-02 16:00:00,144.986,145.06,144.847,144.905,0,146.29355343145693,143.98694999999998,141.68034656854303,62.179516650516895
2025-05-04 16:00:00,144.662,144.989,144.509,144.648,0,146.2930766167215,144.10365,141.91422338327848,58.163254668192415
2025-05-04 20:00:00,144.649,144.797,144.064,144.291,0,146.22484697712397,144.20525,142.18565302287604,53.03836417885487
2025-05-05 00:00:00,144.291,144.422,143.964,144.36,0,146.16219254530526,144.29760000000002,142.43300745469477,53.88413329458359
2025-05-05 04:00:00,144.361,144.367,143.747,143.848,0,146.09872356739166,144.34995,142.60117643260836,47.10490455571096
2025-05-05 08:00:00,143.85,144.012,143.539,143.976,0,146.0472830914724,144.39804999999998,142.74881690852757,48.83788077598906
2025-05-05 12:00:00,143.981,144.233,143.697,143.764,0,145.9252308567293,144.45475,142.98426914327067,46.141510209140264
2025-05-05 16:00:00,143.763,143.802,143.556,143.702,0,145.833049858074,144.49435,143.155650141926,45.352889386117454
2025-05-05 20:00:00,143.702,144.275,143.651,143.787,0,145.73730649514965,144.53275000000002,143.3281935048504,46.697921034177604
2025-05-06 00:00:00,143.788,143.927,143.201,143.327,0,145.7800490799267,144.51385,143.24765092007328,40.83963302050343
2025-05-06 04:00:00,143.326,143.355,142.744,142.778,0,145.90972140711406,144.4345,142.95927859288597,35.168990485178824
2025-05-06 08:00:00,142.778,142.961,142.353,142.771,0,145.99218325210788,144.349,142.7058167478921,35.10206469899774
2025-05-06 12:00:00,142.769,143.034,142.355,142.394,0,145.96015689722432,144.19495,142.4297431027757,31.61286787033326
2025-05-06 16:00:00,142.396,143.307,142.354,143.087,0,145.7872280846804,144.0724,142.35757191531957,42.857139996113254
2025-05-06 20:00:00,143.089,143.303,142.745,143.105,0,145.60678992554872,143.95745,142.30811007445126,43.1187474181868
2025-05-07 00:00:00,143.105,143.325,142.826,143.174,0,145.4304942871578,143.8551,142.27970571284217,44.173831758474144
2025-05-07 04:00:00,143.173,143.453,143.156,143.392,0,145.24228764031514,143.76844999999997,142.2946123596848,47.48795779360272
2025-05-07 08:00:00,143.388,143.472,143.118,143.472,0,145.14742003527493,143.71425,142.28107996472505,48.69170951727673
2025-05-07 12:00:00,143.472,143.976,142.902,143.811,0,145.06410559724966,143.67860000000002,142.29309440275037,53.550756044534644
2025-05-07 16:00:00,143.81,143.997,143.651,143.861,0,144.8776518764967,143.62265,142.36764812350327,54.239111799455515
2025-05-07 20:00:00,143.86,143.953,143.443,143.599,0,144.66604333452065,143.55734999999999,142.44865666547932,50.05327077029048
2025-05-08 00:00:00,143.599,144.518,143.548,144.32,0,144.5928761333433,143.54095,142.4890238666567,59.350334264924534
2025-05-08 04:00:00,144.321,145.004,144.257,144.643,0,144.6701692648612,143.55855,142.4469307351388,62.699986166873664
2025-05-08 08:00:00,144.644,145.591,144.432,145.462,0,144.96261749775903,143.61364999999998,142.26468250224093,69.55134707162237
2025-05-08 12:00:00,145.469,146.176,145.451,145.915,0,145.39784704836873,143.71699999999998,142.03615295163124,72.55425402346484
2025-05-08 16:00:00,145.915,146.067,145.739,145.95,0,145.7573801075382,143.81570000000002,141.87401989246183,72.77763907359918
2025-05-08 20:00:00,145.948,146.185,145.46,145.656,0,146.0105693255888,143.9103,141.81003067441122,67.78664371065075
2025-05-09 00:00:00,145.657,145.657,145.132,145.169,0,146.1510903590431,143.98364999999998,141.81620964095686,60.39779762112801
2025-05-09 04:00:00,145.171,145.403,144.93,145.126,0,146.27166437547604,144.0506,141.82953562452397,59.77821446106627
2025-05-09 08:00:00,145.125,145.35,144.823,145.15,0,146.38605620682836,144.14174999999997,141.8974437931716,60.02470353070579
2025-05-09 12:00:00,145.152,145.369,145.055,145.297,0,146.47414837691886,144.2677,142.06125162308112,61.57783743799777
2025-05-09 16:00:00,145.297,145.378,145.292,145.36,0,146.54004218347714,144.39714999999998,142.25425781652282,62.254680852505935
